xg,playerCoordinates.x,playerCoordinates.y
0.025461031123996,18.9,30.0
0.19220964610577,3.2,40.7
0.072723411023617,19.1,51.1
0.019235415384173,25.7,61.0
0.62812745571136,3.3,47.4
0.15701545774937,9.7,60.3
0.038232751190662,24.8,55.8
0.7884,11.5,50.0
0.72097420692444,3.6,52.6
0.41839522123337,5.1,54.9
0.056842003017664,22.2,58.1
0.043037332594395,12.2,61.2
0.052499990910292,8.9,68.9
0.015115103684366,21.3,27.900000000000006
0.073288090527058,15.8,57.5
0.014653063379228,25.4,64.0
0.20096455514431,8.6,55.7
0.27945226430893,12.3,46.4
0.03858146071434,11.4,40.5
0.90266764163971,1.3,52.6
0.013606139458716,11.0,64.8
0.016802685335279,21.5,55.7
0.037182062864304,12.5,67.8
0.7884,11.5,50.0
0.065458074212074,12.9,60.5
0.018893275409937,25.1,47.5
0.17583408951759,12.5,53.0
0.060405839234591,18.2,58.2
0.015250303782523,29.3,49.3
0.013543942011893,26.6,62.3
0.18599766492844,15.0,52.0
0.023177424445748,23.4,63.4
0.0075910803861916,23.2,67.4
0.30972623825073,11.9,53.4
0.094113349914551,15.4,45.4
0.11894925683737,8.9,33.7
0.7884,11.5,50.0
0.025047443807125,9.5,44.2
0.011755015701056,14.7,47.2
0.22201985120773,10.3,54.5
0.22699810564518,6.4,49.3
0.26515370607376,8.0,63.0
0.063583984971046,9.6,49.3
0.29796701669693,6.7,45.1
0.078213751316071,10.1,55.0
0.025461031123996,18.9,30.0
0.77895319461823,23.4,35.0
0.025461031123996,18.9,30.0
0.028834844008088,23.2,47.2
0.034174051135778,23.8,34.8
0.069732375442982,9.8,48.2
0.099884055554867,8.6,64.0
0.7884,11.5,50.0
0.63366335630417,6.8,45.5
0.7884,11.5,50.0
0.17743653059006,7.1,56.2
0.069732375442982,9.8,48.2
0.7884,11.5,50.0
0.10148026794195,8.5,49.1
0.7884,11.5,50.0
0.16751427948475,7.7,53.2
0.15741938352585,1.9,60.3
0.11560513079166,15.9,54.0
0.020979382097721,10.7,76.9
0.023032076656818,21.7,40.5
0.52247798442841,4.9,47.4
0.039791505783796,21.4,54.8
0.047955274581909,15.6,45.4
0.014899699017406,10.8,61.7
0.30972623825073,11.9,53.4
0.17583408951759,12.5,53.0
0.08233418315649,9.1,53.7
0.015180584043264,18.2,27.299999999999997
0.054059766232967,18.7,50.0
0.025810126215219,21.0,26.599999999999994
0.7884,11.5,50.0
0.50334048271179,5.2,46.4
0.7884,11.5,50.0
0.039929486811161,14.8,35.5
0.87191200256348,3.7,48.8
0.034174051135778,23.8,34.8
0.051631979644299,1.8,60.3
0.7884,11.5,50.0
0.042035959661007,16.3,82.8
0.14806607365608,9.4,49.5
0.069732375442982,9.8,48.2
0.091302968561649,10.5,58.7
0.33544310927391,6.9,45.5
0.7884,11.5,50.0
0.60009491443634,4.9,45.5
0.22797746956348,4.5,43.2
0.099884055554867,8.6,64.0
0.17046825587749,9.0,65.8
0.7884,11.5,50.0
0.4374458193779,3.2,54.2
0.10986410826445,14.5,60.4
0.042613320052624,23.7,58.7
0.2003601193428,3.2,62.7
0.18655197322369,9.0,57.0
0.32896167039871,8.2,41.7
0.21388885378838,7.1,46.0
0.06668022274971,19.3,60.3
0.032866112887859,21.5,44.0
0.074300855398178,9.0,51.1
0.22201985120773,10.3,54.5
0.13585475087166,14.3,53.4
0.11216504126787,12.0,63.8
0.4374458193779,3.2,54.2
0.16527888178825,8.7,53.6
0.10986410826445,14.5,60.4
0.095440343022346,11.1,52.3
0.034289691597223,24.5,37.3
0.068278282880783,7.6,33.0
0.041056238114834,8.8,66.7
0.20096455514431,8.6,55.7
0.12655760347843,4.5,42.3
0.13051977753639,7.9,53.4
0.7884,11.5,50.0
0.7884,11.5,50.0
0.12344869226217,6.9,67.1
0.021135997027159,28.9,56.9
0.7884,11.5,50.0
0.017084902152419,14.1,45.0
0.17662420868874,9.4,54.3
0.13385365903378,9.2,50.1
0.26515370607376,8.0,63.0
0.7884,11.5,50.0
0.7884,11.5,50.0
0.7884,11.5,50.0
0.050094194710255,19.7,50.9
0.017983859404922,17.8,29.299999999999997
0.069732375442982,9.8,48.2
0.26243823766708,46.9,60.3
0.056793294847012,12.0,54.2
0.04309244826436,8.2,58.5
0.50334048271179,5.2,46.4
0.54523730278015,14.3,47.6
0.7884,11.5,50.0
0.10986410826445,14.5,60.4
0.41839522123337,5.1,54.9
0.11916568130255,12.8,38.9
0.012229121290147,19.6,73.0
0.055650442838669,21.0,43.6
0.03919567912817,12.5,67.2
0.27945226430893,12.3,46.4
0.017843138426542,25.7,64.8
0.40400397777557,15.6,50.3
0.015688126906753,8.2,26.299999999999997
0.14806607365608,9.4,49.5
0.7884,11.5,50.0
0.039123386144638,20.8,63.0
0.7884,11.5,50.0
0.66899973154068,10.7,48.9
0.20039869844913,5.1,53.8
0.099806651473045,18.8,47.6
0.041611388325691,19.8,36.2
0.034339867532253,21.8,32.3
0.041910164058208,18.8,45.7
0.069839917123318,8.4,47.8
0.029817465692759,23.5,46.6
0.47326856851578,4.0,52.1
0.06422109156847,23.4,43.2
0.63366335630417,6.8,45.5
0.23191326856613,3.9,44.8
0.055685374885798,3.5,36.6
0.23191326856613,3.9,44.8
0.77895319461823,23.4,35.0
0.066418431699276,16.0,50.0
0.096754729747772,11.0,35.099999999999994
0.094113349914551,15.8,49.0
0.018672272562981,18.9,24.799999999999997
0.7884,11.5,50.0
0.1524533778429,8.0,49.1
0.027648359537125,26.8,38.7
0.7884,11.5,50.0
0.020764825865626,11.4,71.7
0.033693335950375,18.5,36.6
0.7884,11.5,50.0
0.041634071618319,10.6,36.3
0.70410615205765,2.6,52.2
0.010339095257223,4.0,62.8
0.012196476571262,7.3,75.9
0.010653275065124,25.7,43.5
0.056842003017664,22.2,58.1
0.035298090428114,9.8,30.099999999999994
0.022018250077963,3.6,33.3
0.66239815950394,3.2,49.1
0.23918735980988,5.4,50.4
0.15752932429314,15.6,52.0
0.31652280688286,6.6,53.2
0.24712020158768,7.9,54.3
0.11560513079166,15.9,54.0
0.056277386844158,6.7,64.9
0.066571101546288,11.0,37.4
0.87191200256348,3.7,48.8
0.040120664983988,24.2,60.8
0.015250303782523,29.3,49.3
0.1189626455307,3.2,59.2
0.022113876417279,22.8,57.0
0.14806607365608,9.4,49.5
0.025737239047885,26.1,58.1
0.027323307469487,26.5,38.7
0.66239815950394,3.2,49.1
0.7884,11.5,50.0
0.067913383245468,12.9,34.5
0.04551150277257,25.8,37.8
0.098383337259293,11.8,39.6
0.031711459159851,15.2,69.8
0.20096455514431,8.6,55.7
0.11560513079166,15.9,54.0
0.15752932429314,15.6,52.0
0.17583408951759,12.5,53.0
0.039843708276749,21.0,43.7
0.21388885378838,7.1,46.0
0.13036967813969,4.6,65.4
0.10687943547964,15.8,47.7
0.047099355608225,10.4,69.5
0.18248468637466,12.0,37.0
0.1330501139164,14.5,49.3
0.070374585688114,11.2,34.0
0.7884,11.5,50.0
0.047642592340708,21.6,56.0
0.7884,11.5,50.0
0.12401009351015,6.1,54.0
0.028626509010792,26.5,57.2
0.069601655006409,12.5,54.0
0.068278282880783,7.6,33.0
0.094113349914551,15.8,49.0
0.7884,11.5,50.0
0.019221439957619,26.3,40.8
0.016668040305376,25.1,59.3
0.014164580032229,30.4,44.7
0.030539374798536,21.3,46.1
0.014172879047692,30.1,46.3
0.02388658374548,18.8,29.400000000000006
0.77895319461823,23.4,35.0
0.061576969921589,14.5,58.5
0.033208217471838,20.7,67.7
0.7884,11.5,50.0
0.19458699226379,9.7,32.7
0.05502612516284,8.5,56.0
0.039123386144638,20.8,63.0
0.41839522123337,5.1,54.9
0.017735566943884,18.1,31.400000000000006
0.025266936048865,25.3,55.4
0.33544310927391,6.9,45.5
0.7884,11.5,50.0
0.013796020299196,25.7,72.8
0.067688584327698,8.1,44.9
0.066809684038162,7.8,65.8
0.7884,11.5,50.0
0.089120268821716,18.9,52.7
0.042388796806335,19.8,35.400000000000006
0.062687113881111,11.3,33.900000000000006
0.12214437872171,8.0,34.599999999999994
0.54257935285568,11.9,43.7
0.028496716171503,20.3,25.0
0.020561322569847,26.8,66.9
0.069040596485138,8.4,45.5
0.035247884690762,13.6,51.1
0.016146948561072,12.0,42.1
0.049914576113224,12.5,63.4
0.099884055554867,8.6,64.0
0.27053847908974,13.0,53.8
0.020906796678901,3.8,29.900000000000006
0.77895319461823,23.4,35.0
0.21641796827316,8.9,52.3
0.50334048271179,5.2,46.4
0.7884,11.5,50.0
0.020941244438291,26.2,61.5
0.13051977753639,7.9,53.4
0.16771671175957,13.1,47.3
0.033837456256151,15.0,33.8
0.14370803534985,16.6,54.0
0.10261054337025,17.7,48.4
0.021808583289385,11.1,27.700000000000003
0.018671808764338,25.9,36.0
0.17046825587749,9.0,65.8
0.77895319461823,23.4,35.0
0.054899893701077,21.3,58.1
0.031768936663866,18.3,16.200000000000003
0.7884,11.5,50.0
0.027625044807792,24.7,49.7
0.03749055787921,13.2,29.400000000000006
0.28690454363823,2.1,55.8
0.20096455514431,8.6,55.7
0.069540604948997,7.4,67.1
0.022435754537582,24.4,47.2
0.476352840662,3.2,54.7
0.31074351072311,8.2,40.3
0.15114656090736,11.1,40.7
0.047076772898436,22.1,37.0
0.7884,11.5,50.0
0.094113349914551,15.8,49.0
0.46757286787033,2.3,56.5
0.037195481359959,18.5,66.0
0.033649042248726,11.4,44.9
0.018495028838515,21.0,66.8
0.14704237878323,12.1,53.1
0.72097420692444,3.6,52.6
0.076308354735374,14.1,47.4
0.02255485765636,18.1,33.599999999999994
0.19445116817951,4.5,52.9
0.40400397777557,15.6,50.3
0.50334048271179,5.2,46.4
0.23033227026463,3.6,39.3
0.30972623825073,11.9,53.4
0.11216504126787,12.0,63.8
0.027282703667879,19.0,63.6
0.26515370607376,8.0,63.0
0.041910164058208,18.8,45.7
0.12835247814655,8.8,48.8
0.19960002601147,3.5,45.6
0.7884,11.5,50.0
0.7884,11.5,50.0
0.87191200256348,3.7,48.8
0.19960002601147,3.5,45.6
0.7884,11.5,50.0
0.7884,11.5,50.0
0.029476571828127,23.1,39.1
0.72097420692444,3.6,52.6
0.14806607365608,9.4,49.5
0.063217885792255,8.5,53.6
0.02388658374548,18.8,29.400000000000006
0.87191200256348,3.7,48.8
0.089349552989006,16.7,51.7
0.019513126462698,25.3,62.9
0.17583408951759,12.5,53.0
0.77895319461823,23.4,35.0
0.035902976989746,24.0,37.2
0.14195601642132,4.3,64.8
0.1725057810545,4.1,39.4
0.30972623825073,11.9,53.4
0.7884,11.5,50.0
0.24553187191486,6.1,46.0
0.045907963067293,23.0,54.9
0.18828135728836,5.2,50.2
0.054858196526766,21.2,51.7
0.081188373267651,3.6,37.5
0.7884,11.5,50.0
0.15752932429314,15.6,52.0
0.60009491443634,4.9,45.5
0.7884,11.5,50.0
0.016181398183107,24.0,36.6
0.041611388325691,19.8,36.2
0.030114211142063,17.6,69.7
0.039123386144638,20.8,63.0
0.10144618153572,9.0,64.1
0.045090511441231,23.8,41.3
0.22797746956348,4.5,43.2
0.19077797234058,8.2,54.6
0.056842003017664,22.2,58.1
0.025896560400724,15.7,68.4
0.15752932429314,15.6,52.0
0.19831444323063,8.3,52.9
0.13051977753639,7.9,53.4
0.26515370607376,8.0,63.0
0.067364364862442,19.2,50.0
0.11560513079166,15.9,54.0
0.26735204458237,9.6,53.1
0.027905935421586,24.8,59.3
0.30274218320847,7.7,50.9
0.032003570348024,12.4,44.7
0.7884,11.5,50.0
0.037140544503927,25.7,46.8
0.017703656107187,18.5,69.3
0.27489322423935,8.8,45.7
0.10261054337025,17.7,48.4
0.053215477615595,20.1,52.6
0.018672272562981,19.1,25.400000000000006
0.073555335402489,4.0,37.8
0.02388658374548,18.8,29.400000000000006
0.01022070646286,5.1,26.0
0.7884,11.5,50.0
0.10430993884802,1.9,41.6
0.061565544456244,20.8,33.2
0.060825299471617,7.3,60.5
0.7884,11.5,50.0
0.028967294842005,19.7,74.2
0.0095389056950808,22.0,23.299999999999997
0.3194200694561,3.5,50.3
0.12217886000872,8.5,67.2
0.66899973154068,10.7,48.9
0.7884,11.5,50.0
0.7884,11.5,50.0
0.052073333412409,20.3,38.7
0.034123346209526,4.2,68.9
0.7884,11.5,50.0
0.021906768903136,8.6,75.4
0.23033227026463,3.6,39.3
0.10347491502762,7.1,51.3
0.029091186821461,27.1,45.8
0.018779315054417,26.8,69.3
0.045293860137463,9.5,30.5
0.018668623641133,26.3,65.6
0.7884,11.5,50.0
0.016707099974155,17.9,70.9
0.036690838634968,20.7,70.7
0.79783707857132,4.2,48.7
0.1276504099369,12.2,32.8
0.017332714051008,23.2,29.700000000000003
0.022540286183357,28.7,48.8
0.14596743881702,10.1,58.5
0.0083812493830919,18.4,17.0
0.51557403802872,7.0,52.1
0.18828135728836,5.2,50.2
0.77895319461823,23.4,35.0
0.068278282880783,7.6,33.0
0.3194200694561,3.5,50.3
0.093072555959225,9.5,55.0
0.27489322423935,8.8,45.7
0.7884,11.5,50.0
0.23191326856613,3.9,44.8
0.043639242649078,2.9,66.0
0.026702707633376,24.6,51.9
0.3194200694561,3.5,50.3
0.04002283886075,21.7,56.3
0.13051977753639,7.9,53.4
0.016588168218732,18.4,30.5
0.1141047924757,9.5,54.2
0.7884,11.5,50.0
0.069732375442982,9.8,48.2
0.08907700330019,10.2,52.8
0.059669110924006,20.1,48.9
0.025647984817624,3.5,33.599999999999994
0.2172809690237,10.6,55.2
0.4374458193779,3.2,54.2
0.19944770634174,11.2,59.4
0.15199609100819,9.2,46.4
0.017694810405374,30.2,58.9
0.18828135728836,5.2,50.2
0.27945226430893,12.3,46.4
0.50334048271179,5.2,46.4
0.059799712151289,12.0,69.9
0.028109900653362,25.2,44.7
0.18828135728836,5.2,50.2
0.7884,11.5,50.0
0.08907700330019,10.2,52.8
0.27489322423935,8.8,45.7
0.042121116071939,10.6,51.0
0.3194200694561,3.5,50.3
0.029072130098939,16.3,35.400000000000006
0.17608803510666,18.1,50.3
0.24263156950474,4.9,45.8
0.3194200694561,3.5,50.3
0.074059374630451,15.4,34.0
0.016181398183107,24.0,36.6
0.22201985120773,10.3,54.5
0.045524396002293,20.6,37.9
0.096696093678474,8.0,43.6
0.019517036154866,25.3,57.0
0.031051356345415,5.7,65.4
0.7884,11.5,50.0
0.078839421272278,4.9,66.7
0.071080662310123,8.0,52.8
0.095259986817837,21.7,58.0
0.016181398183107,24.0,36.6
0.015696590766311,3.3,64.4
0.10004869103432,8.9,34.0
0.069732375442982,9.8,48.2
0.13585475087166,14.3,53.4
0.05561188980937,14.5,44.2
0.12541578710079,18.7,45.4
0.045948762446642,18.7,47.9
0.7884,11.5,50.0
0.025461031123996,18.9,30.0
0.019071932882071,18.7,73.4
0.36186894774437,3.5,55.0
0.028345359489322,4.6,62.6
0.28690454363823,2.1,55.8
0.10384266078472,8.0,49.9
0.0090493187308311,3.0,66.0
0.028989911079407,19.8,38.9
0.026142423972487,5.0,61.7
0.020200442522764,3.3,34.8
0.40260481834412,8.0,55.2
0.70410615205765,2.6,52.2
0.035784356296062,25.0,69.1
0.7884,11.5,50.0
0.059356458485126,9.7,46.3
0.047642592340708,21.6,56.0
0.017084902152419,14.0,43.7
0.35243436694145,9.3,63.6
0.72809600830078,5.4,46.4
0.0766826197505,8.2,65.8
0.38727775216103,6.9,48.3
0.044109173119068,13.6,55.0
0.01795500703156,25.3,59.3
0.7884,11.5,50.0
0.32896167039871,8.2,41.7
0.012864220887423,53.1,52.6
0.7884,11.5,50.0
0.040386334061623,3.2,34.0
0.069515906274319,20.7,43.4
0.030558362603188,15.7,36.8
0.7884,11.5,50.0
0.019811796024442,14.1,71.1
0.069515906274319,20.7,43.4
0.020576966926455,19.5,67.1
0.010401239618659,24.7,37.8
0.1680206656456,8.0,52.6
0.018535232171416,28.6,63.4
0.039327763020992,14.1,67.8
0.010288000106812,22.6,68.5
0.22699810564518,6.5,49.2
0.7884,11.5,50.0
0.037296742200851,22.6,54.8
0.30274218320847,7.7,50.9
0.025111638009548,18.4,68.5
0.0075910803861916,23.2,67.4
0.023032076656818,21.7,40.5
0.03410591557622,22.7,34.0
0.23918735980988,5.4,50.4
0.039668139070272,14.7,63.6
0.069732375442982,9.8,48.2
0.0075910803861916,23.2,67.4
0.020649122074246,23.1,55.7
0.7884,11.5,50.0
0.20258717238903,11.0,43.2
0.63366335630417,6.8,45.5
0.33081686496735,9.0,45.1
0.035221491008997,26.3,17.0
0.025461031123996,18.9,30.0
0.10547795891762,9.4,45.0
0.026367893442512,15.8,51.9
0.047642592340708,21.6,56.0
0.20819859206676,3.5,46.1
0.13151895999908,7.0,55.8
0.7884,11.5,50.0
0.017804114148021,11.0,31.299999999999997
0.030558362603188,15.7,36.8
0.042295694351196,13.0,17.299999999999997
0.62307018041611,8.2,47.3
0.024762874469161,23.4,70.1
0.042402669787407,12.2,64.4
0.069732375442982,9.8,48.2
0.40040698647499,8.5,35.400000000000006
0.54523730278015,14.3,47.6
0.7884,11.5,50.0
0.28690454363823,2.1,55.8
0.0097291516140103,24.7,75.0
0.023401476442814,22.6,32.0
0.12401009351015,6.1,54.0
0.19960002601147,3.5,45.6
0.14343942701817,7.9,43.7
0.22797746956348,4.5,43.2
0.35243436694145,9.3,63.6
0.30972623825073,11.9,53.4
0.069732375442982,9.8,48.2
0.030558362603188,15.7,36.8
0.023169355466962,24.6,37.3
0.41153791546822,6.0,52.3
0.02365761436522,24.7,69.2
0.21388885378838,7.1,46.0
0.7884,11.5,50.0
0.30274218320847,7.7,50.9
0.043639242649078,2.9,66.0
0.7884,11.5,50.0
0.7884,11.5,50.0
0.0076014334335923,22.5,64.4
0.032977409660816,23.7,52.8
0.017983751371503,8.8,72.3
0.013889970257878,28.6,63.7
0.026663463562727,47.3,45.5
0.097811482846737,18.9,50.7
0.043807711452246,22.3,46.5
0.08907700330019,10.2,52.8
0.41839522123337,5.1,54.9
0.51221311092377,5.1,47.0
0.7884,11.5,50.0
0.66239815950394,3.2,49.1
0.20888301730156,20.3,60.7
0.19898492097855,7.0,48.9
0.053321469575167,18.4,63.0
0.068862326443195,13.3,63.8
0.66239815950394,3.2,49.1
0.025733292102814,19.3,68.9
0.099884055554867,8.6,64.0
0.022700941190124,15.2,65.8
0.035533055663109,9.4,43.5
0.17822915315628,4.6,46.8
0.02150771394372,10.1,35.400000000000006
0.33544310927391,6.9,45.5
0.13858512043953,18.4,47.9
0.54523730278015,14.3,47.6
0.011204904876649,10.6,60.5
0.056842003017664,22.2,58.1
0.077796921133995,19.8,50.7
0.074479632079601,8.0,66.9
0.039123386144638,20.8,63.0
0.72097420692444,3.6,52.6
0.015452434308827,27.6,28.5
0.40418815612793,9.7,55.4
0.064221203327179,14.9,53.6
0.7884,11.5,50.0
0.30274218320847,7.7,50.9
0.26515370607376,8.0,63.0
0.14806607365608,9.4,49.5
0.073143869638443,54.4,65.6
0.085792236030102,3.1,61.1
0.13304196298122,4.5,38.5
0.024503013119102,22.3,25.5
0.049639161676168,23.0,62.4
0.062458045780659,18.9,47.3
0.033839602023363,30.1,47.1
0.33081686496735,9.0,45.1
0.015580963343382,22.0,34.400000000000006
0.030558362603188,15.7,36.8
0.12683482468128,9.0,44.9
0.036832392215729,15.7,67.9
0.41839522123337,5.1,54.9
0.060840342193842,19.5,50.7
0.053912248462439,7.9,68.2
0.015250303782523,29.3,49.3
0.20096455514431,8.6,55.7
0.069732375442982,9.8,48.2
0.1099900752306,13.8,64.0
0.02388658374548,18.8,29.400000000000006
0.078520745038986,9.4,43.6
0.089784778654575,8.3,60.9
0.034174051135778,23.8,34.8
0.10004869103432,8.9,34.0
0.7884,11.5,50.0
0.77546727657318,7.7,54.3
0.027981726452708,20.3,26.299999999999997
0.02386655844748,25.3,50.7
0.22797746956348,4.5,43.2
0.28690454363823,2.1,55.8
0.7884,11.5,50.0
0.031711459159851,15.2,69.8
0.02147027105093,22.5,38.7
0.022478375583887,22.0,60.6
0.3440705537796,10.0,56.9
0.7884,11.5,50.0
0.041910164058208,18.8,45.7
0.10118622332811,12.4,64.5
0.7884,11.5,50.0
0.056842003017664,22.2,58.1
0.065478891134262,14.8,67.5
0.089120268821716,18.9,52.7
0.013987603597343,26.5,69.3
0.055264890193939,21.2,45.4
0.065478891134262,14.8,67.5
0.026680184528232,30.9,46.4
0.045218795537949,16.9,35.599999999999994
0.7884,11.5,50.0
0.069515906274319,20.7,43.4
0.017870929092169,5.8,33.5
0.02756829559803,23.1,27.299999999999997
0.043639242649078,2.9,66.0
0.012787484563887,50.8,47.4
0.77895319461823,23.4,35.0
0.08935658633709,18.7,47.0
0.87191200256348,3.7,48.8
0.028828816488385,9.5,72.6
0.0060074296779931,11.8,80.9
0.12832795083523,12.8,53.8
0.010256871581078,27.2,76.5
0.35243436694145,9.3,63.6
0.10261054337025,17.7,48.4
0.025631010532379,21.8,51.2
0.022515259683132,13.0,55.2
0.19960002601147,3.5,45.6
0.10386030375957,6.9,45.2
0.7884,11.5,50.0
0.19634707272053,9.5,47.2
0.7884,11.5,50.0
0.19960002601147,3.5,45.6
0.035917986184359,21.9,58.9
0.026800289750099,21.7,46.6
0.0075910803861916,23.2,67.4
0.2168260961771,13.7,55.7
0.037547037005424,25.6,51.3
0.22699810564518,6.5,49.2
0.12210562825203,23.1,56.0
0.18828135728836,5.2,50.2
0.097008764743805,4.2,34.8
0.02879723906517,24.2,53.7
0.7884,11.5,50.0
0.10004869103432,8.9,34.0
0.077300801873207,14.6,38.0
0.15422940254211,13.2,41.2
0.26515370607376,8.0,63.0
0.22699810564518,6.5,49.2
0.14343942701817,7.9,43.7
0.055432561784983,5.2,65.2
0.0075910803861916,23.2,67.4
0.043159775435925,26.5,68.1
0.10004869103432,8.9,34.0
0.016181398183107,24.0,36.6
0.093903802335262,14.4,60.3
0.26466935873032,4.2,37.4
0.10388391464949,3.4,41.5
0.028539318591356,27.1,46.7
0.017918596044183,20.7,34.400000000000006
0.476352840662,3.2,54.7
0.72097420692444,3.6,52.6
0.025228139013052,24.6,31.099999999999994
0.094113349914551,15.8,49.0
0.0338428132236,15.7,63.4
0.70410615205765,2.6,52.2
0.7884,11.5,50.0
0.028155719861388,24.8,46.2
0.12401009351015,6.1,54.0
0.0084996894001961,9.9,61.5
0.03292191028595,17.6,34.2
0.037927009165287,15.6,39.7
0.025461031123996,18.9,30.0
0.047642592340708,21.6,56.0
0.7884,11.5,50.0
0.045135706663132,10.7,47.9
0.52414691448212,11.7,58.8
0.022811891511083,14.6,32.099999999999994
0.13386729359627,9.9,57.6
0.12214437872171,8.0,34.599999999999994
0.033956337720156,18.5,62.3
0.0075910803861916,23.2,67.4
0.025805843994021,23.8,50.5
0.01741112396121,3.3,27.400000000000006
0.10004869103432,8.9,34.0
0.016420459374785,23.1,71.4
0.7884,11.5,50.0
0.04688672721386,23.4,50.7
0.16527888178825,8.7,53.6
0.7884,11.5,50.0
0.10266532748938,13.2,36.4
0.021251479163766,20.9,27.200000000000003
0.061412014067173,15.6,51.3
0.30274218320847,7.7,50.9
0.094113349914551,15.8,49.0
0.7884,11.5,50.0
0.11216504126787,12.0,63.8
0.03440798074007,19.1,51.5
0.068980917334557,13.2,42.8
0.023032076656818,21.7,40.5
0.7884,11.5,50.0
0.44631516933441,4.3,43.5
0.0075910803861916,23.2,67.4
0.038350664079189,13.0,68.5
0.46757286787033,2.3,56.5
0.016932468861341,15.4,72.2
0.089120268821716,18.9,52.7
0.04630409181118,17.5,50.7
0.034174051135778,23.8,34.8
0.013777322135866,25.3,72.0
0.033834978938103,17.8,31.299999999999997
0.1583785712719,6.7,48.1
0.33639326691628,4.4,55.6
0.13599579036236,10.4,61.3
0.7884,11.5,50.0
0.090566724538803,7.3,57.2
0.056842003017664,22.2,58.1
0.48375400900841,4.6,53.0
0.079102113842964,14.1,61.0
0.026864301413298,18.1,44.3
0.044712103903294,18.1,45.4
0.035355128347874,20.5,66.0
0.069732375442982,9.8,48.2
0.51557403802872,7.0,52.1
0.094113349914551,15.8,49.0
0.19220964610577,3.2,40.7
0.7884,11.5,50.0
0.030558362603188,15.7,36.8
0.15706253051758,8.5,46.2
0.70410615205765,2.6,52.2
0.016206953674555,31.2,59.5
0.11638605594635,9.1,49.3
0.030000058934093,14.5,35.599999999999994
0.10055843740702,11.7,47.7
0.10004869103432,8.9,34.0
0.50334048271179,5.2,46.4
0.13585475087166,14.3,53.4
0.7884,11.5,50.0
0.7884,11.5,50.0
0.24712020158768,7.9,54.3
0.047618333250284,21.5,73.6
0.2168260961771,13.7,55.7
0.24712020158768,7.9,54.3
0.027587916702032,21.2,62.4
0.7884,11.5,50.0
0.029784888029099,24.0,58.7
0.080307461321354,8.5,46.6
0.089120268821716,18.9,52.7
0.016181398183107,24.0,36.6
0.12624625861645,2.2,40.5
0.15752932429314,15.6,52.0
0.66899973154068,10.7,48.9
0.24712020158768,7.9,54.3
0.30972623825073,11.9,53.4
0.10156442224979,8.9,68.4
0.70410615205765,2.6,52.2
0.46757286787033,2.3,56.5
0.099719017744064,7.4,52.8
0.22699810564518,6.5,49.2
0.046189773827791,10.0,53.9
0.1231504380703,14.6,45.0
0.7884,11.5,50.0
0.03733691200614,23.9,55.4
0.036124393343925,20.6,36.4
0.018225029110909,22.8,37.3
0.27945226430893,12.3,46.4
0.035544525831938,24.3,53.4
0.11566154658794,3.5,57.2
0.30972623825073,11.9,53.4
0.7884,11.5,50.0
0.025649623945355,9.5,68.9
0.075101114809513,9.3,51.8
0.53651505708694,9.3,55.8
0.07969581335783,4.5,59.7
0.14002332091331,8.9,62.2
0.7884,11.5,50.0
0.024317685514688,20.1,68.5
0.015314686112106,9.8,30.400000000000006
0.50334048271179,5.2,46.4
0.056842003017664,22.2,58.1
0.056842003017664,22.2,58.1
0.11004909127951,10.8,66.9
0.04270551726222,8.3,55.6
0.025461031123996,18.9,30.0
0.045167703181505,19.7,69.5
0.061864692717791,20.9,59.1
0.77546727657318,7.7,54.3
0.19052217900753,12.5,39.3
0.1276504099369,12.2,32.8
0.7884,11.5,50.0
0.044599302113056,10.4,49.8
0.14195601642132,4.3,64.8
0.058943256735802,9.9,47.8
0.20520804822445,7.4,48.5
0.029377656057477,21.8,36.0
0.0064192982390523,61.3,38.0
0.7884,11.5,50.0
0.02791609801352,20.4,32.900000000000006
0.029215425252914,21.6,28.0
0.12835247814655,8.8,48.8
0.039817687124014,23.5,64.6
0.023023856803775,25.4,60.8
0.069732375442982,9.8,48.2
0.065954655408859,12.2,38.3
0.44683706760406,6.3,48.1
0.12835247814655,8.8,48.8
0.47713285684586,9.7,60.7
0.026923717930913,23.5,52.3
0.41839522123337,5.1,54.9
0.023353107273579,14.9,68.0
0.30274218320847,7.7,50.9
0.7884,11.5,50.0
0.7884,11.5,50.0
0.01061066519469,23.8,30.099999999999994
0.37047597765923,13.9,57.3
0.046883501112461,15.6,34.400000000000006
0.01571393571794,23.2,27.799999999999997
0.15752932429314,15.6,52.0
0.034219179302454,15.8,69.2
0.21388885378838,7.1,46.0
0.26735204458237,9.6,53.1
0.26515370607376,8.0,63.0
0.40400397777557,15.6,50.3
0.77895319461823,23.4,35.0
0.069732375442982,9.8,48.2
0.046962261199951,17.2,35.8
0.0067548104561865,25.7,34.3
0.02388658374548,18.8,29.400000000000006
0.10054416209459,10.2,46.9
0.06934516876936,13.1,40.4
0.17046825587749,9.0,65.8
0.66899973154068,10.7,48.9
0.11216504126787,12.0,63.8
0.036466751247644,14.2,68.9
0.034442376345396,20.9,43.8
0.7884,11.5,50.0
0.72097420692444,3.6,52.6
0.27294102311134,7.3,35.400000000000006
0.37047597765923,13.9,57.3
0.7884,11.5,50.0
0.21717385947704,3.8,33.8
0.063879080116749,7.9,56.8
0.015353715978563,24.0,81.0
0.7884,11.5,50.0
0.90266764163971,1.3,52.6
0.7884,11.5,50.0
0.091543473303318,7.1,31.5
0.045691758394241,7.0,66.2
0.041611388325691,19.8,36.2
0.14806607365608,9.4,49.5
0.015877822414041,28.8,32.5
0.065478891134262,14.8,67.5
0.7884,11.5,50.0
0.033799160271883,15.2,69.6
0.069515906274319,20.7,43.4
0.77895319461823,23.4,35.0
0.08907700330019,10.2,52.8
0.11084166169167,7.9,53.2
0.87191200256348,3.7,48.8
0.40400397777557,15.6,50.3
0.33544310927391,6.9,45.5
0.026600014418364,27.1,42.1
0.56152874231339,9.8,56.4
0.12481873482466,11.5,52.7
0.069515906274319,20.7,43.4
0.020150519907475,10.0,29.099999999999994
0.12414707243443,2.9,35.8
0.21742527186871,11.5,50.0
0.3194200694561,3.5,50.3
0.35243436694145,9.3,63.6
0.016775734722614,27.8,38.5
0.031711459159851,15.2,69.8
0.24712020158768,7.9,54.3
0.041619479656219,9.8,55.7
0.037721775472164,19.2,47.2
0.7884,11.5,50.0
0.7884,11.5,50.0
0.90266764163971,1.3,52.6
0.16975393891335,13.8,43.0
0.33982530236244,8.7,49.9
0.019260704517365,28.9,39.8
0.51557403802872,7.0,52.1
0.013765509240329,28.5,66.3
0.24176530539989,5.8,43.0
0.097837157547474,7.6,46.6
0.052451480180025,7.9,42.1
0.023262117058039,25.4,58.7
0.14500506222248,6.7,50.0
0.030558362603188,15.7,36.8
0.16527888178825,8.7,53.6
0.33742189407349,6.5,45.7
0.30274218320847,7.7,50.9
0.7884,11.5,50.0
0.22699810564518,6.5,49.2
0.27489322423935,8.8,45.7
0.20006696879864,4.2,56.8
0.7884,11.5,50.0
0.016460694372654,11.4,57.0
0.23033227026463,3.6,39.3
0.085923261940479,15.5,59.3
0.23033227026463,3.6,39.3
0.10261054337025,17.6,47.9
0.0093381628394127,24.7,60.1
0.33544310927391,6.9,45.5
0.064338594675064,14.4,64.2
0.031339682638645,22.3,63.9
0.015240010805428,26.6,66.4
0.21388885378838,7.1,46.0
0.0075910803861916,23.2,67.4
0.17560420930386,3.6,42.1
0.15913227200508,11.8,63.2
0.51557403802872,7.0,52.1
0.069515906274319,20.7,43.4
0.1405840665102,11.8,59.3
0.031711459159851,15.2,69.8
0.2172809690237,10.6,55.2
0.0095830988138914,13.6,64.9
0.22699810564518,6.5,49.2
0.7884,11.5,50.0
0.21388885378838,7.1,46.0
0.476352840662,3.2,54.7
0.035589452832937,10.7,45.0
0.26765751838684,8.6,53.4
0.059681430459023,3.9,61.2
0.27489322423935,8.8,45.7
0.19680497050285,4.9,50.9
0.014198559336364,27.2,38.1
0.037598930299282,10.5,44.7
0.026372397318482,21.6,42.3
0.33081686496735,9.0,45.1
0.41839522123337,5.1,54.9
0.031711459159851,15.2,69.8
0.021823201328516,12.7,70.2
0.18599766492844,15.0,52.0
0.31766083836555,7.2,44.8
0.22699810564518,6.5,49.2
0.088684469461441,12.0,53.4
0.14195601642132,4.3,64.8
0.094664536416531,15.1,52.7
0.10004869103432,8.9,34.0
0.0060425368137658,21.3,22.5
0.87191200256348,3.7,48.8
0.15752932429314,15.6,52.0
0.15488295257092,14.4,48.8
0.069732375442982,9.8,48.2
0.7884,11.5,50.0
0.13051977753639,7.9,53.4
0.12612561881542,10.2,58.9
0.51221311092377,5.1,47.0
0.017265327274799,13.8,25.799999999999997
0.22699810564518,6.5,49.2
0.095557644963264,13.3,35.2
0.58661824464798,5.5,53.2
0.047642592340708,21.6,56.0
0.037336464971304,17.6,37.6
0.034174051135778,23.8,34.8
0.7884,11.5,50.0
0.7884,11.5,50.0
0.090202465653419,5.7,58.9
0.058765780180693,9.5,46.4
0.021154962480068,20.8,31.0
0.027790050953627,12.7,33.7
0.14660137891769,6.1,51.5
0.043439693748951,18.9,63.8
0.062041267752647,6.4,57.3
0.062160912901163,6.9,68.1
0.053502269089222,26.5,46.6
0.018333353102207,27.8,57.7
0.2172809690237,10.6,55.2
0.14343942701817,7.9,43.7
0.14475345611572,14.5,50.3
0.11560513079166,15.9,54.0
0.041758097708225,13.0,50.9
0.14806607365608,9.4,49.5
0.021900916472077,13.3,49.7
0.099878571927547,6.1,39.9
0.038645807653666,22.2,35.599999999999994
0.15752932429314,15.6,52.0
0.7884,11.5,50.0
0.14115506410599,11.7,45.6
0.064036220312119,7.4,55.8
0.064070291817188,4.8,32.5
0.87191200256348,3.7,48.8
0.017737736925483,28.4,67.3
0.095230169594288,10.2,68.5
0.022657983005047,11.6,54.6
0.016434736549854,27.7,62.5
0.095668233931065,7.7,49.0
0.54523730278015,14.3,47.6
0.26515370607376,8.0,63.0
0.13284622132778,7.6,47.0
0.10986410826445,14.5,60.4
0.042454183101654,24.8,37.4
0.052039589732885,14.3,50.8
0.40400397777557,15.6,50.3
0.7884,11.5,50.0
0.1049380749464,6.9,47.0
0.4374458193779,3.2,54.2
0.034174051135778,23.8,34.8
0.041611388325691,19.8,36.2
0.77895319461823,23.4,35.0
0.2168260961771,13.7,55.7
0.11216504126787,12.0,63.8
0.7884,11.5,50.0
0.14343942701817,7.9,43.7
0.017729165032506,23.8,38.3
0.7884,11.5,50.0
0.11568737030029,11.6,45.2
0.12418518960476,6.3,46.0
0.90266764163971,1.3,52.6
0.31260946393013,6.6,34.5
0.019118536263704,25.0,64.3
0.025461031123996,18.9,30.0
0.14132227003574,19.5,43.8
0.17583408951759,12.5,53.0
0.33544310927391,6.9,45.5
0.1448091417551,8.5,52.3
0.035832051187754,20.3,52.2
0.32896167039871,8.2,41.7
0.11216504126787,12.0,63.8
0.48375400900841,4.6,53.0
0.17959073185921,11.9,55.8
0.019269339740276,12.9,30.299999999999997
0.7884,11.5,50.0
0.7884,11.5,50.0
0.046328619122505,21.5,71.7
0.51557403802872,7.0,52.1
0.16527888178825,8.7,53.6
0.7884,11.5,50.0
0.28690454363823,2.1,55.8
0.05034189298749,10.2,46.0
0.051630284637213,8.6,43.6
0.46757286787033,2.3,56.5
0.7884,11.5,50.0
0.32896167039871,8.2,41.7
0.7884,11.5,50.0
0.1447928994894,15.9,52.2
0.018226742744446,22.5,33.3
0.7884,11.5,50.0
0.7884,11.5,50.0
0.034174051135778,23.8,34.8
0.01821188442409,25.4,63.4
0.22699810564518,6.5,49.2
0.056842003017664,22.2,58.1
0.43042623996735,4.4,50.3
0.14726926386356,11.6,59.1
0.099884055554867,8.6,64.0
0.52247798442841,4.9,47.4
0.24712020158768,7.9,54.3
0.017799753695726,26.2,54.4
0.7884,11.5,50.0
0.03513752296567,19.4,52.2
0.021457877010107,14.1,70.3
0.041910164058208,18.8,45.7
0.28690454363823,2.1,55.8
0.33544310927391,6.9,45.5
0.025461031123996,18.9,30.0
0.020436020568013,21.5,30.299999999999997
0.030389595776796,14.2,31.5
0.27945226430893,12.3,46.4
0.021185558289289,28.4,42.1
0.7884,11.5,50.0
0.90266764163971,1.3,52.6
0.11182387918234,9.8,47.4
0.21675609052181,6.4,35.8
0.11560513079166,15.9,54.0
0.056842003017664,22.2,58.1
0.12835247814655,8.8,48.8
0.22849798202515,7.0,57.3
0.02388658374548,18.8,29.400000000000006
0.035832051187754,20.3,52.2
0.2172809690237,10.6,55.2
0.27489322423935,8.8,45.7
0.36649805307388,6.0,41.7
0.043639242649078,2.9,66.0
0.3194200694561,3.5,50.3
0.10004869103432,8.9,34.0
0.20096455514431,8.6,55.7
0.024923775345087,21.6,43.2
0.12060547620058,7.4,49.5
0.02352493070066,23.5,73.0
0.12677149474621,15.7,51.5
0.094113349914551,15.8,49.0
0.068238347768784,12.8,31.5
0.72097420692444,3.6,52.6
0.7884,11.5,50.0
0.036505304276943,20.1,51.2
0.045161627233028,24.3,66.9
0.3194200694561,3.5,50.3
0.029188985005021,9.6,31.099999999999994
0.094113349914551,15.8,49.0
0.015772275626659,26.2,40.3
0.023032076656818,21.7,40.5
0.074255421757698,14.7,48.3
0.7884,11.5,50.0
0.7884,11.5,50.0
0.23033227026463,3.6,39.3
0.90266764163971,1.3,52.6
0.02388658374548,18.8,29.400000000000006
0.016077375039458,24.0,54.6
0.055311340838671,8.9,29.299999999999997
0.051758944988251,14.6,67.8
0.7884,11.5,50.0
0.13051977753639,7.9,53.4
0.49298760294914,8.0,52.8
0.022149257361889,22.8,34.900000000000006
0.10986410826445,14.5,60.4
0.036087542772293,31.4,68.8
0.7884,11.5,50.0
0.069515906274319,20.7,43.4
0.060781434178352,4.5,65.0
0.072347886860371,8.3,49.3
0.14519809186459,15.1,48.5
0.042756162583828,19.6,34.5
0.016735889017582,25.2,41.0
0.016181398183107,24.0,36.6
0.51557403802872,7.0,52.1
0.073028564453125,15.9,63.6
0.04209203645587,18.1,35.0
0.094633318483829,21.0,52.6
0.027365483343601,24.7,45.2
0.024312390014529,26.0,57.0
0.21653662621975,12.8,62.9
0.12401009351015,6.1,54.0
0.087646625936031,8.3,51.2
0.047642592340708,21.6,56.0
0.11723974347115,7.1,53.0
0.035832051187754,20.3,52.2
0.19220964610577,3.2,40.7
0.51221311092377,5.1,47.0
0.043639242649078,2.9,66.0
0.22699810564518,6.5,49.2
0.18599766492844,15.0,52.0
0.025896862149239,23.2,71.4
0.1266455501318,7.3,55.6
0.7884,11.5,50.0
0.14195601642132,4.3,64.8
0.43083640933037,8.5,45.0
0.11560513079166,15.9,54.0
0.13222536444664,5.0,54.6
0.25134140253067,8.3,48.4
0.20096455514431,8.6,55.7
0.019061284139752,7.1,69.2
0.7884,11.5,50.0
0.019023744389415,7.9,71.8
0.025461031123996,18.9,30.0
0.70410615205765,2.6,52.2
0.7884,11.5,50.0
0.40061089396477,4.3,49.1
0.7884,11.5,50.0
0.025222148746252,22.7,50.0
0.2172809690237,10.6,55.2
0.12214437872171,8.0,34.599999999999994
0.020277231931686,23.8,73.7
0.052513051778078,15.5,53.2
0.7884,11.5,50.0
0.046590305864811,20.4,61.1
0.094113349914551,15.8,49.0
0.3194200694561,3.5,50.3
0.046825118362904,23.2,45.2
0.024467306211591,24.5,29.400000000000006
0.7884,11.5,50.0
0.017593936994672,12.1,46.4
0.022703681141138,8.3,29.900000000000006
0.054373987019062,10.6,37.3
0.055837191641331,15.4,44.6
0.7884,11.5,50.0
0.035068713128567,10.4,55.4
0.07969581335783,4.5,59.7
0.044705636799335,15.4,65.7
0.051678817719221,9.9,46.1
0.047517079859972,4.6,62.4
0.093594491481781,15.1,38.3
0.016181398183107,24.0,36.6
0.042409393936396,8.7,58.1
0.033455315977335,18.7,70.0
0.35243436694145,9.3,63.6
0.049549587070942,14.2,45.8
0.19220964610577,3.2,40.7
0.1127787232399,2.7,58.5
0.063708990812302,23.5,60.9
0.030576480552554,13.0,51.1
0.41839522123337,5.1,54.9
0.77546727657318,7.7,54.3
0.047724701464176,26.6,55.8
0.034174051135778,23.8,34.8
0.90266764163971,1.3,52.6
0.20096455514431,8.6,55.7
0.7884,11.5,50.0
0.023169355466962,24.6,37.3
0.12835247814655,8.8,48.8
0.3194200694561,3.5,50.3
0.7884,11.5,50.0
0.52247798442841,4.9,47.4
0.2168260961771,13.7,55.7
0.70410615205765,2.6,52.2
0.17046825587749,9.0,65.8
0.069515906274319,20.7,43.4
0.036404453217983,22.2,44.6
0.50334048271179,5.2,46.4
0.012210611253977,26.8,55.2
0.26515370607376,8.0,63.0
0.70410615205765,2.6,52.2
0.023169355466962,24.6,37.3
0.07366743683815,7.2,69.8
0.48375400900841,4.6,53.0
0.031711459159851,15.2,69.8
0.053236994892359,7.4,42.3
0.33544310927391,6.9,45.5
0.16702388226986,18.6,44.8
0.10004869103432,8.9,34.0
0.3249683380127,10.4,54.6
0.26735204458237,9.6,53.1
0.7884,11.5,50.0
0.065616294741631,3.6,32.900000000000006
0.025137145072222,15.6,68.7
0.058716621249914,18.9,41.8
0.019610155373812,26.0,48.7
0.017918596044183,20.6,35.099999999999994
0.7884,11.5,50.0
0.034545656293631,5.6,74.7
0.12684786319733,15.8,55.2
0.025461031123996,18.9,30.0
0.35243436694145,9.3,63.6
0.13718411326408,8.3,54.8
0.064899228513241,10.8,46.6
0.073122583329678,21.0,46.4
0.43611285090446,5.2,47.2
0.011190539225936,28.2,62.9
0.10261054337025,17.7,48.4
0.33544310927391,6.9,45.5
0.094113349914551,15.8,49.0
0.098199561238289,6.9,56.6
0.018543405458331,20.6,25.200000000000003
0.1276504099369,12.2,32.8
0.23724372684956,8.0,59.1
0.025527218356729,23.5,63.2
0.22947938740253,4.0,42.7
0.028981354087591,14.1,63.2
0.0066897580400109,36.6,49.7
0.16527888178825,8.7,53.6
0.081356883049011,8.8,48.3
0.7884,11.5,50.0
0.7884,11.5,50.0
0.066643297672272,25.3,41.3
0.050827655941248,10.3,67.8
0.056842003017664,22.2,58.1
0.08907700330019,10.2,52.8
0.0075910803861916,23.2,67.4
0.33544310927391,6.9,45.5
0.23918735980988,5.4,50.4
0.70410615205765,2.6,52.2
0.0092678163200617,48.6,66.5
0.086586236953735,13.9,39.9
0.2172809690237,10.6,55.2
0.027914686128497,20.3,66.7
0.7884,11.5,50.0
0.048302762210369,21.2,42.3
0.043639242649078,2.9,66.0
0.089120268821716,18.9,52.7
0.040326591581106,10.7,68.5
0.7884,11.5,50.0
0.11216504126787,12.0,63.8
0.22597169876099,7.6,52.1
0.015466841869056,7.1,26.5
0.16629184782505,4.5,42.7
0.023032076656818,21.7,40.5
0.015250303782523,29.3,49.3
0.12401009351015,6.1,54.0
0.7884,11.5,50.0
0.041428223252296,3.5,38.9
0.33081686496735,9.0,45.1
0.01704072393477,25.0,67.3
0.7884,11.5,50.0
0.7884,11.5,50.0
0.19247281551361,4.8,47.9
0.3194200694561,3.5,50.3
0.12401009351015,6.1,54.0
0.025320459157228,23.3,58.8
0.037193808704615,14.5,33.5
0.070598945021629,20.7,48.9
0.035011015832424,20.2,47.4
0.33081686496735,9.0,45.1
0.01582982763648,31.2,52.6
0.048118498176336,8.9,69.2
0.7884,11.5,50.0
0.7884,11.5,50.0
0.25206151604652,3.7,56.5
0.013891394250095,19.8,67.1
0.079328164458275,11.9,37.6
0.072852462530136,24.7,45.8
0.021397180855274,12.6,52.2
0.30972623825073,11.9,53.4
0.03585385158658,24.4,53.2
0.19960002601147,3.5,45.6
0.21388885378838,7.1,46.0
0.016562828794122,24.6,69.2
0.14806607365608,9.4,49.5
0.016290040686727,26.0,59.3
0.21255005896091,7.3,43.4
0.10156442224979,8.9,68.4
0.047642592340708,21.6,56.0
0.7884,11.5,50.0
0.021093031391501,22.2,30.900000000000006
0.039123386144638,20.8,63.0
0.013846877962351,13.1,51.8
0.068278282880783,7.6,33.0
0.18828135728836,5.2,50.2
0.031711459159851,15.9,70.6
0.14806607365608,9.4,49.5
0.44897362589836,2.7,49.1
0.52247798442841,4.9,47.4
0.016181398183107,24.0,36.6
0.15361545979977,9.9,39.9
0.23932971060276,8.8,47.7
0.015110007487237,27.7,35.2
0.041611388325691,19.8,36.2
0.025032361969352,11.3,44.6
0.035219836980104,12.2,34.7
0.037074599415064,14.2,27.299999999999997
0.7884,11.5,50.0
0.22699810564518,6.5,49.2
0.027439968660474,27.8,53.4
0.87191200256348,3.7,48.8
0.51557403802872,7.0,52.1
0.023032076656818,21.7,40.5
0.21742527186871,11.5,50.0
0.7884,11.5,50.0
0.038002602756023,15.8,61.1
0.35243436694145,9.3,63.6
0.90266764163971,1.3,52.6
0.025316959246993,3.4,68.4
0.14343942701817,7.9,43.7
0.041611388325691,19.8,36.2
0.036555651575327,13.9,48.4
0.12214437872171,8.0,34.599999999999994
0.1276504099369,12.2,32.8
0.7884,11.5,50.0
0.28690454363823,2.1,55.8
0.069732375442982,9.8,48.2
0.29405790567398,7.3,37.4
0.12467279285192,5.1,43.4
0.33544310927391,6.9,45.5
0.050827655941248,10.3,67.8
0.028731226921082,24.4,28.5
0.046659715473652,23.8,45.7
0.015353715978563,25.9,77.3
0.50334048271179,5.2,46.4
0.033967386931181,24.6,50.5
0.26515370607376,8.0,63.0
0.10474389791489,7.7,44.8
0.43611285090446,5.2,47.2
0.016417108476162,31.9,50.1
0.095008298754692,19.6,35.7
0.012861876748502,21.2,31.099999999999994
0.023982379585505,22.8,42.5
0.015250303782523,29.3,49.3
0.3194200694561,3.5,50.3
0.061615686863661,9.9,67.1
0.05018187686801,21.0,44.6
0.11678855866194,8.5,64.8
0.7884,11.5,50.0
0.055727086961269,23.3,56.6
0.032168481498957,14.2,87.1
0.24712020158768,7.9,54.3
0.041611388325691,19.8,36.2
0.027254255488515,26.8,60.6
0.024577317759395,26.2,51.5
0.18140859901905,7.3,58.4
0.016045715659857,20.3,71.4
0.086709730327129,7.9,52.8
0.054276693612337,7.4,67.9
0.7884,11.5,50.0
0.7884,11.5,50.0
0.045870635658503,9.4,52.2
0.025461031123996,18.9,30.0
0.28690454363823,2.1,55.8
0.068278282880783,7.6,33.0
0.19569319486618,7.3,54.0
0.026703588664532,25.0,51.8
0.024190625175834,18.4,35.400000000000006
0.038914140313864,20.3,30.700000000000003
0.049534350633621,16.2,63.6
0.14099189639091,5.4,34.7
0.0075910803861916,23.2,67.4
0.7884,11.5,50.0
0.08613433688879,11.9,46.7
0.05792661011219,20.1,55.2
0.30972623825073,11.9,53.4
0.092332102358341,17.1,52.2
0.33544310927391,6.9,45.5
0.076780751347542,8.0,40.7
0.069515906274319,20.7,43.4
0.035832051187754,20.3,52.2
0.019374895840883,8.8,40.4
0.032325517386198,23.2,31.900000000000006
0.024131298065186,21.8,65.8
0.18407452106476,2.0,43.4
0.028793565928936,20.3,40.5
0.027726309373975,26.8,54.9
0.63366335630417,6.8,45.5
0.031214730814099,22.8,45.4
0.025461031123996,18.9,30.0
0.19960002601147,3.5,45.6
0.015353629365563,30.9,61.2
0.22201985120773,10.3,54.5
0.66239815950394,3.2,49.1
0.16527888178825,8.7,53.6
0.037998452782631,24.1,70.1
0.017643390223384,21.0,67.9
0.2168260961771,13.7,55.7
0.77546727657318,7.7,54.3
0.7884,11.5,50.0
0.15723007917404,8.7,45.2
0.16527888178825,8.7,53.6
0.7884,11.5,50.0
0.017438104376197,25.4,44.0
0.032789330929518,15.3,73.0
0.070210263133049,7.9,44.5
0.01505428366363,22.5,35.599999999999994
0.10004869103432,8.9,34.0
0.015250303782523,29.3,49.3
0.10443949699402,11.1,47.3
0.33081686496735,9.0,45.1
0.041910164058208,18.8,45.7
0.047903694212437,26.8,45.5
0.056842003017664,22.2,58.1
0.081073552370071,6.5,59.8
0.77895319461823,23.4,35.0
0.43611285090446,5.2,47.2
0.016398863866925,27.1,41.5
0.51221311092377,5.1,47.0
0.16043667495251,10.5,47.2
0.7884,11.5,50.0
0.18661279976368,7.4,40.7
0.040698509663343,19.8,22.299999999999997
0.11157041043043,7.9,53.2
0.23918735980988,5.4,50.4
0.046050876379013,7.7,67.6
0.7884,11.5,50.0
0.02388658374548,18.8,29.400000000000006
0.7884,11.5,50.0
0.031711459159851,15.2,69.8
0.2172809690237,10.6,55.2
0.028035145252943,24.3,47.7
0.23191326856613,3.9,44.8
0.7884,11.5,50.0
0.22201985120773,10.3,54.5
0.7884,11.5,50.0
0.26515370607376,8.0,63.0
0.054546151310205,3.3,67.3
0.15282393991947,8.3,55.0
0.4374458193779,3.2,54.2
0.015514036640525,21.9,76.1
0.023048551753163,23.8,72.8
0.3194200694561,3.5,50.3
0.14370803534985,16.6,54.0
0.7884,11.5,50.0
0.2172809690237,10.6,55.2
0.12547841668129,8.2,53.6
0.026791304349899,18.9,69.7
0.28690454363823,2.1,55.8
0.10986410826445,14.5,60.4
0.054237753152847,11.1,36.2
0.13886666297913,1.2,58.7
0.7884,11.5,50.0
0.016452573239803,15.5,26.700000000000003
0.053829800337553,9.5,55.1
0.016554923728108,15.3,18.799999999999997
0.018252294510603,28.4,67.7
0.0072526703588665,24.4,23.299999999999997
0.026660066097975,24.6,56.4
0.035832051187754,20.3,52.2
0.7884,11.5,50.0
0.43847742676735,8.7,49.0
0.37047597765923,13.9,57.3
0.055706538259983,8.7,34.900000000000006
0.17223407328129,14.4,47.3
0.072865471243858,11.1,57.7
0.12041456252337,14.7,48.9
0.050827655941248,10.3,67.8
0.029126234352589,15.1,73.8
0.030601870268583,12.6,27.900000000000006
0.33902454376221,12.3,55.0
0.061562970280647,14.1,58.1
0.17537158727646,15.8,52.1
0.043002534657717,7.9,43.5
0.40400397777557,15.6,50.3
0.33544310927391,6.9,45.5
0.061326272785664,3.8,39.7
0.012737217359245,6.1,70.5
0.26735204458237,9.6,53.1
0.13051977753639,7.9,53.4
0.90266764163971,1.3,52.6
0.031876817345619,25.1,42.8
0.10416397452354,18.7,44.2
0.14984391629696,12.8,48.7
0.041025694459677,18.5,50.3
0.14370803534985,16.6,54.0
0.7884,11.5,50.0
0.028467107564211,21.7,58.2
0.7884,11.5,50.0
0.050499022006989,10.5,67.0
0.22201985120773,10.3,54.5
0.7884,11.5,50.0
0.7884,11.5,50.0
0.38051345944405,8.9,63.0
0.043639242649078,2.9,66.0
0.020411321893334,25.3,62.5
0.069732375442982,9.8,48.2
0.12404788285494,7.2,45.8
0.097916819155216,7.6,41.1
0.043639242649078,2.9,66.0
0.87191200256348,3.7,48.8
0.040730644017458,25.7,53.8
0.21742527186871,11.5,50.0
0.022698676213622,10.4,69.6
0.2168260961771,13.7,55.7
0.4374458193779,3.2,54.2
0.065478891134262,14.8,67.5
0.33544310927391,6.9,45.5
0.050944626331329,23.9,65.5
0.11216504126787,12.0,63.8
0.7884,11.5,50.0
0.035161327570677,8.6,58.3
0.029082847759128,9.7,71.1
0.063528545200825,7.0,56.4
0.21253047883511,9.0,56.2
0.41839522123337,5.1,54.9
0.011483704671264,53.5,45.8
0.040629740804434,11.1,34.400000000000006
0.014225427992642,23.3,52.5
0.041611388325691,19.8,36.2
0.7884,11.5,50.0
0.23918735980988,5.4,50.4
0.099884055554867,8.6,64.0
0.48375400900841,4.6,53.0
0.023758988827467,21.3,66.0
0.045337736606598,18.2,66.6
0.022215042263269,18.5,72.0
0.12358509004116,6.3,46.2
0.028594212606549,7.4,73.7
0.068954259157181,4.1,40.2
0.12835247814655,8.8,48.8
0.077289283275604,21.9,41.7
0.15728609263897,12.1,36.8
0.047417677938938,19.4,28.5
0.12214437872171,8.0,34.599999999999994
0.10923186689615,7.7,48.1
0.043639242649078,2.9,66.0
0.024742299690843,14.1,27.299999999999997
0.11810673028231,8.0,50.4
0.10261054337025,17.7,48.4
0.020457334816456,24.3,27.200000000000003
0.43611285090446,5.2,47.2
0.02161804959178,20.6,63.8
0.33544310927391,6.9,45.5
0.7884,11.5,50.0
0.029472840949893,6.7,26.5
0.16527888178825,8.7,53.6
0.03149525821209,15.3,37.0
0.036656137555838,9.7,70.0
0.2172809690237,10.6,55.2
0.50334048271179,5.2,46.4
0.11507496982813,1.8,59.1
0.0495231077075,15.0,46.4
0.029055781662464,10.9,66.8
0.7884,11.5,50.0
0.27945226430893,12.3,46.4
0.7884,11.5,50.0
0.065478891134262,14.8,67.5
0.026008730754256,10.2,42.5
0.7884,11.5,50.0
0.12401009351015,6.1,54.0
0.16527888178825,8.7,53.6
0.52247798442841,4.9,47.4
0.025026200339198,23.1,51.0
0.021104691550136,23.2,38.7
0.51945060491562,8.3,50.9
0.073550589382648,18.9,66.0
0.70410615205765,2.6,52.2
0.026033570989966,21.9,49.1
0.7884,11.5,50.0
0.089120268821716,18.9,52.7
0.087869748473167,13.6,52.1
0.14545129239559,18.4,52.3
0.02813040651381,10.5,41.7
0.13748170435429,4.8,55.1
0.7884,11.5,50.0
0.18828135728836,5.2,50.2
0.7884,11.5,50.0
0.048120509833097,22.0,44.2
0.2168260961771,13.7,55.7
0.032944016158581,23.2,42.3
0.33081686496735,9.0,45.1
0.13585475087166,14.3,53.4
0.16359387338161,6.0,56.2
0.3194200694561,3.5,50.3
0.024379381909966,19.5,65.6
0.065478891134262,14.8,67.5
0.056842003017664,22.2,58.1
0.049184679985046,9.1,34.599999999999994
0.14343942701817,7.9,43.7
0.20473289489746,12.3,41.3
0.014302173629403,18.7,62.1
0.023032076656818,21.7,40.5
0.5938800573349,6.9,50.3
0.37047597765923,13.9,57.3
0.22699810564518,6.5,49.2
0.13599471747875,15.1,55.2
0.7884,11.5,50.0
0.7884,11.5,50.0
0.079451516270638,15.1,58.4
0.7884,11.5,50.0
0.056674037128687,18.2,47.7
0.065478891134262,14.8,67.5
0.7884,11.5,50.0
0.071714870631695,3.7,66.7
0.035079348832369,28.9,54.3
0.010986030101776,25.4,29.900000000000006
0.065928988158703,21.8,44.0
0.7884,11.5,50.0
0.056842003017664,22.2,58.1
0.087646625936031,8.3,49.7
0.63366335630417,6.8,45.5
0.32896167039871,8.2,41.7
0.010933407582343,8.8,64.0
0.46757286787033,2.3,56.5
0.50317972898483,7.9,45.0
0.015250303782523,29.3,49.3
0.13757021725178,9.9,48.5
0.12214437872171,8.0,34.599999999999994
0.023271381855011,10.9,65.4
0.10004869103432,8.9,34.0
0.40400397777557,15.6,50.3
0.10898372530937,19.1,48.4
0.23782688379288,2.6,57.9
0.044712103903294,18.3,49.1
0.014982561580837,28.5,60.5
0.15752932429314,15.6,52.0
0.099910318851471,13.9,44.4
0.22201985120773,10.3,54.5
0.12401009351015,6.1,54.0
0.7884,11.5,50.0
0.2168260961771,13.7,55.7
0.015250303782523,29.3,49.3
0.7884,11.5,50.0
0.054419938474894,9.8,52.7
0.010785263963044,25.4,56.4
0.032999113202095,17.6,53.4
0.025003738701344,10.8,45.7
0.10477701574564,14.2,44.0
0.40400397777557,15.6,50.3
0.14565892517567,4.4,43.8
0.27945226430893,12.3,46.4
0.7884,11.5,50.0
0.047642592340708,21.6,56.0
0.025160636752844,26.3,53.6
0.063653364777565,19.1,49.8
0.022629173472524,17.9,51.1
0.77546727657318,7.7,54.3
0.016353162005544,18.8,29.700000000000003
0.7884,11.5,50.0
0.02388658374548,18.8,29.400000000000006
0.060042351484299,14.3,56.0
0.096627302467823,10.8,45.2
0.071523249149323,8.9,53.0
0.014870067127049,14.1,51.5
0.022590301930904,24.6,64.1
0.033364593982697,14.7,29.099999999999994
0.045548088848591,20.3,59.2
0.014992380514741,5.8,26.0
0.70410615205765,2.6,52.2
0.10156442224979,8.9,68.4
0.40282422304153,4.5,45.7
0.51557403802872,7.0,52.1
0.26735204458237,9.6,53.1
0.52247798442841,4.9,47.4
0.7884,11.5,50.0
0.16315494477749,8.2,56.0
0.033794123679399,20.4,43.8
0.03285750374198,19.5,48.9
0.033394705504179,21.6,34.2
0.10004869103432,8.9,34.0
0.77895319461823,23.4,35.0
0.10186844319105,11.9,47.0
0.23687928915024,9.9,54.2
0.054504051804543,12.3,35.599999999999994
0.075826413929462,12.7,43.3
0.7884,11.5,50.0
0.025939362123609,21.8,45.6
0.18053306639194,7.8,50.8
0.1339904665947,7.7,42.4
0.12060547620058,7.4,50.7
0.7884,11.5,50.0
0.19960002601147,3.5,45.6
0.7884,11.5,50.0
0.87191200256348,3.7,48.8
0.041910164058208,18.8,45.7
0.13585475087166,14.3,53.4
0.66239815950394,3.2,49.1
0.7884,11.5,50.0
0.26735204458237,9.6,53.1
0.66239815950394,3.2,49.1
0.14370803534985,16.6,54.0
0.54523730278015,14.3,47.6
0.30972623825073,11.9,53.4
0.77895319461823,23.4,35.0
0.23918735980988,5.4,50.4
0.041611388325691,19.8,36.2
0.22201985120773,10.3,54.5
0.37047597765923,13.9,57.3
0.12835247814655,8.8,48.8
0.7884,11.5,50.0
0.032755631953478,20.7,29.400000000000006
0.065932042896748,8.8,32.099999999999994
0.078744955360889,13.5,45.0
0.060881558805704,8.7,57.4
0.7884,11.5,50.0
0.099803552031517,7.6,46.8
0.23191326856613,3.9,44.8
0.66239815950394,3.2,49.1
0.070823445916176,5.2,69.3
0.019248142838478,20.9,70.9
0.030303506180644,23.1,30.900000000000006
0.024995237588882,24.0,41.9
0.21742527186871,11.6,51.5
0.16741928458214,8.2,54.2
0.18828135728836,5.2,50.2
0.33544310927391,6.9,45.5
0.094113349914551,15.8,49.0
0.047642592340708,21.6,56.0
0.021849412471056,15.0,68.3
0.035832051187754,20.3,52.2
0.030627805739641,12.1,27.400000000000006
0.049103196710348,23.5,39.9
0.0497205555439,19.4,67.3
0.2168260961771,13.7,55.7
0.041665609925985,14.4,70.0
0.14132057130337,12.5,54.8
0.30274218320847,7.7,50.9
0.38146984577179,4.0,67.5
0.28690454363823,2.1,55.8
0.13585475087166,14.3,53.4
0.14370803534985,16.6,54.0
0.08907700330019,10.2,52.8
0.18599766492844,15.0,52.0
0.020250871777534,28.2,63.0
0.015464715659618,23.7,33.599999999999994
0.11560513079166,15.9,54.0
0.039075713604689,9.4,47.0
0.025146665051579,22.9,37.0
0.7884,11.5,50.0
0.013227183371782,27.1,30.700000000000003
0.45204469561577,12.9,51.6
0.13441778719425,9.7,36.6
0.050827655941248,10.3,67.8
0.029204305261374,23.3,31.599999999999994
0.7884,11.5,50.0
0.46757286787033,2.3,56.5
0.52247798442841,4.9,47.4
0.12785361707211,13.1,36.7
0.079838812351227,9.9,34.5
0.35243436694145,9.3,63.6
0.18828135728836,5.2,50.2
0.10004869103432,8.9,34.0
0.61899083852768,14.5,51.9
0.02388658374548,18.8,29.400000000000006
0.015029798261821,18.7,70.3
0.043639242649078,2.9,66.0
0.7884,11.5,50.0
0.016181398183107,24.0,36.6
0.15752932429314,15.6,52.0
0.038757231086493,6.7,41.1
0.07969581335783,4.5,59.7
0.018063981086016,22.2,27.799999999999997
0.2272008061409,7.1,53.8
0.33544310927391,6.9,45.5
0.13051977753639,7.9,53.4
0.22699810564518,6.5,49.2
0.012995824217796,26.9,63.4
0.033519510179758,25.5,59.6
0.7884,11.5,50.0
0.012839139439166,23.2,68.4
0.23918735980988,5.4,50.4
0.7884,11.5,50.0
0.034174051135778,23.8,34.8
0.11560513079166,15.9,54.0
0.069515906274319,20.7,43.4
0.27945226430893,12.3,46.4
0.024121278896928,23.1,72.5
0.16301883757114,10.0,50.0
0.014576715417206,6.3,63.2
0.01061639841646,2.7,70.6
0.051838424056768,3.6,61.5
0.053445652127266,10.4,71.4
0.066162802278996,13.1,36.4
0.018720520660281,10.1,36.4
0.32773986458778,7.3,51.1
0.15116050839424,7.1,54.8
0.50334048271179,5.2,46.4
0.067316472530365,12.4,65.4
0.028901658952236,19.7,61.7
0.7884,11.5,50.0
0.66239815950394,3.2,49.1
0.27945226430893,12.3,46.4
0.019276197999716,25.1,51.0
0.54523730278015,14.3,47.6
0.040502332150936,23.7,72.7
0.7884,11.5,50.0
0.0287348870188,21.3,64.4
0.014575124718249,22.6,39.8
0.1020520851016,11.8,55.2
0.015345189720392,24.7,56.2
0.02488180808723,6.3,37.5
0.068278282880783,7.6,33.0
0.7884,11.5,50.0
0.043639242649078,2.9,66.0
0.033856626600027,20.0,59.3
0.032572083175182,26.1,57.7
0.024331673979759,8.6,27.299999999999997
0.030558362603188,15.7,36.8
0.069515906274319,20.7,43.4
0.7884,11.5,50.0
0.08277577906847,4.9,66.7
0.26666194200516,3.0,53.4
0.51557403802872,7.0,52.1
0.12214437872171,8.0,34.599999999999994
0.020522659644485,5.0,27.299999999999997
0.041611388325691,19.8,36.2
0.7884,11.5,50.0
0.057122405618429,12.5,44.5
0.017263378947973,27.7,30.299999999999997
0.26735204458237,9.6,53.1
0.16169661283493,4.3,45.4
0.067320145666599,6.0,63.0
0.019177379086614,24.8,53.8
0.023169355466962,24.6,37.3
0.023472709581256,27.9,48.5
0.014732322655618,22.8,33.3
0.23033227026463,3.6,39.3
0.061587937176228,9.5,37.4
0.01063616015017,24.0,56.8
0.37047597765923,13.9,57.3
0.60009491443634,4.9,45.5
0.30972623825073,11.9,53.4
0.13585475087166,14.3,53.4
0.066911771893501,14.7,52.7
0.36605548858643,3.5,56.5
0.7884,11.5,50.0
0.66239815950394,3.2,49.1
0.07750229537487,13.9,59.8
0.089049138128757,7.1,31.299999999999997
0.090512864291668,9.4,49.1
0.024588095024228,22.1,26.099999999999994
0.7884,11.5,50.0
0.034174051135778,23.8,34.8
0.28690454363823,2.1,55.8
0.22201985120773,10.3,54.5
0.016206953674555,31.8,57.7
0.043639242649078,2.9,66.0
0.041611388325691,19.8,36.2
0.12839362025261,11.7,34.599999999999994
0.87191200256348,3.7,48.8
0.7884,11.5,50.0
0.099884055554867,8.6,64.0
0.059353839606047,8.9,53.8
0.7884,11.5,50.0
0.052141916006804,24.6,64.6
0.33544310927391,6.9,45.5
0.013996063731611,8.8,60.8
0.1191393584013,16.0,52.7
0.086718022823334,12.8,48.5
0.022898085415363,19.0,62.4
0.2172809690237,10.6,55.2
0.7884,11.5,50.0
0.016396386548877,20.1,32.0
0.073131501674652,8.5,67.3
0.14370803534985,16.6,54.0
0.48375400900841,4.6,53.0
0.063629977405071,9.4,43.0
0.23033227026463,3.6,39.3
0.12401009351015,6.1,54.0
0.024019191041589,25.0,61.1
0.030014272779226,18.4,66.9
0.10156442224979,8.9,68.4
0.46757286787033,2.3,56.5
0.10986410826445,14.5,60.4
0.096277236938477,11.6,43.2
0.17583408951759,12.5,53.0
0.019597796723247,13.2,75.4
0.080487929284573,4.2,38.5
0.10915151238441,7.7,51.3
0.476352840662,3.2,54.7
0.30274218320847,7.7,50.9
0.057032622396946,7.1,58.5
0.067058265209198,8.9,54.1
0.46757286787033,2.3,56.5
0.068250350654125,15.2,44.8
0.023708634078503,8.3,93.9
0.092639073729515,7.7,53.8
0.19220964610577,3.2,40.7
0.099388591945171,13.5,36.2
0.011548293754458,30.7,46.4
0.26515370607376,8.0,63.0
0.19220964610577,3.2,40.7
0.07969581335783,4.5,59.7
0.19220964610577,3.2,40.7
0.061577260494232,9.4,30.900000000000006
0.60543191432953,1.2,54.6
0.045816030353308,15.4,31.099999999999994
0.7884,11.5,50.0
0.031439561396837,13.9,64.5
0.22201985120773,10.3,54.5
0.040525104850531,13.8,53.0
0.21388885378838,7.1,46.0
0.66239815950394,3.2,49.1
0.7884,11.5,50.0
0.030558362603188,15.7,36.8
0.7884,11.5,50.0
0.21388885378838,7.1,46.0
0.15098048746586,9.2,49.8
0.90266764163971,1.3,52.6
0.22201985120773,10.3,54.5
0.41839522123337,5.1,54.9
0.17046825587749,9.0,65.8
0.069515906274319,20.7,43.4
0.11893562972546,8.0,49.1
0.7884,11.5,50.0
0.11216504126787,12.0,63.8
0.0591582916677,19.3,43.3
0.056842003017664,22.2,58.1
0.41536402702332,6.6,49.9
0.11275966465473,6.6,64.6
0.068674802780151,14.1,54.3
0.037354286760092,19.3,54.6
0.32896167039871,8.2,41.7
0.054637834429741,18.3,69.4
0.7884,11.5,50.0
0.15886078774929,4.2,36.6
0.049865193665028,4.8,39.9
0.17046825587749,9.0,65.8
0.053671635687351,25.7,59.3
0.15418894588947,9.4,50.9
0.22201985120773,10.3,54.5
0.044057194143534,18.8,36.9
0.041910164058208,18.8,45.7
0.045327749103308,9.5,48.3
0.1276504099369,12.2,32.8
0.14370803534985,16.6,54.0
0.7884,11.5,50.0
0.065478891134262,14.8,67.5
0.41509801149368,8.6,54.0
0.11560513079166,15.9,54.0
0.068278282880783,7.6,33.0
0.044464584439993,9.6,52.4
0.7884,11.5,50.0
0.13691549003124,12.5,55.8
0.053762044757605,8.9,51.9
0.50334048271179,5.2,46.4
0.7884,11.5,50.0
0.08907700330019,10.2,52.8
0.7884,11.5,50.0
0.052986267954111,23.3,67.9
0.031365938484669,13.8,42.5
0.036881625652313,19.1,44.7
0.28561514616013,6.3,56.8
0.035011015832424,20.0,49.1
0.070276148617268,9.1,44.2
0.33081686496735,9.0,45.1
0.15752932429314,15.6,52.0
0.023597603663802,11.1,51.0
0.29495990276337,11.4,63.4
0.14370803534985,16.6,54.0
0.07724817097187,13.8,37.6
0.041622437536716,14.7,33.900000000000006
0.011134658940136,26.5,32.900000000000006
0.080379672348499,7.9,50.7
0.30972623825073,11.9,53.4
0.10261054337025,17.7,48.4
0.025461031123996,18.9,30.0
0.095054753124714,18.5,39.0
0.047577317804098,17.9,63.0
0.03130342066288,11.7,55.4
0.041611388325691,19.8,36.2
0.30972623825073,11.9,53.4
0.097135782241821,18.5,50.1
0.020625414326787,22.3,54.9
0.031711459159851,15.2,69.8
0.069406591355801,18.5,56.6
0.7884,11.5,50.0
0.0072453264147043,23.1,68.5
0.038824990391731,12.2,25.400000000000006
0.7884,11.5,50.0
0.059689719229937,8.6,47.9
0.7884,11.5,50.0
0.24712020158768,7.9,54.3
0.056842003017664,22.2,58.1
0.045022256672382,24.6,45.8
0.7884,11.5,50.0
0.66239815950394,3.2,49.1
0.021800462156534,11.1,52.1
0.035832051187754,20.3,52.2
0.037385780364275,13.3,70.9
0.078808180987835,13.1,37.4
0.30972623825073,11.9,53.4
0.055028799921274,15.1,55.8
0.043108507990837,11.1,65.0
0.14370803534985,16.6,54.0
0.042948797345161,9.5,51.5
0.02715827524662,13.8,43.4
0.14195601642132,4.3,64.8
0.7884,11.5,50.0
0.042772985994816,19.2,49.3
0.056842003017664,22.2,58.1
0.076849445700645,15.6,43.8
0.069732375442982,9.8,48.2
0.28404864668846,9.6,48.8
0.2326288074255,4.9,51.9
0.18828135728836,5.2,50.2
0.51557403802872,7.0,52.1
0.094561725854874,13.1,43.1
0.27945226430893,12.3,46.4
0.15815886855125,11.6,46.2
0.030313052237034,20.2,63.9
0.053104043006897,6.4,32.599999999999994
0.27945226430893,12.3,46.4
0.047642592340708,21.6,56.0
0.41839522123337,5.1,54.9
0.072659596800804,8.0,47.7
0.22363431751728,4.2,62.6
0.12272301316261,7.0,52.4
0.14724907279015,7.9,31.5
0.052477426826954,9.0,48.3
0.048305448144674,27.8,48.8
0.078216187655926,8.8,54.8
0.14370803534985,16.6,54.0
0.074051752686501,8.3,54.6
0.040486186742783,23.1,36.8
0.14195601642132,4.3,64.8
0.10195448994637,10.5,33.099999999999994
0.021340187638998,29.0,50.1
0.075777962803841,18.6,51.1
0.041910164058208,18.8,45.7
0.03834180906415,22.9,36.6
0.017737736925483,28.5,67.3
0.024317055940628,10.8,30.700000000000003
0.017475988715887,23.3,72.0
0.14195601642132,4.3,64.8
0.35243436694145,9.3,63.6
0.01449635066092,28.1,65.6
0.063382335007191,9.2,51.7
0.018378242850304,7.1,69.1
0.50334048271179,5.2,46.4
0.023661689832807,12.8,75.4
0.037650853395462,22.5,59.5
0.029201230034232,15.5,36.6
0.47634088993073,2.4,55.3
0.079612195491791,12.5,35.599999999999994
0.24712020158768,7.9,54.3
0.057927314192057,3.0,62.0
0.025694349780679,23.2,33.599999999999994
0.12835247814655,8.8,48.8
0.3194200694561,3.5,50.3
0.018820723518729,20.4,27.400000000000006
0.7884,11.5,50.0
0.77546727657318,7.7,54.3
0.085980348289013,16.0,62.4
0.044678885489702,24.0,49.7
0.13585475087166,14.3,53.4
0.13484826683998,15.0,52.1
0.2172809690237,10.6,55.2
0.7884,11.5,50.0
0.0075910803861916,23.2,67.4
0.7884,11.5,50.0
0.022837879136205,22.5,58.4
0.7884,11.5,50.0
0.26735204458237,9.6,53.1
0.30274218320847,7.7,50.9
0.023487454280257,6.0,70.9
0.031711459159851,15.2,69.8
0.27945226430893,12.3,46.4
0.032290827482939,25.4,37.6
0.097811482846737,18.4,45.6
0.046581126749516,15.2,41.0
0.053939022123814,10.4,72.2
0.009739157743752,14.8,57.9
0.20231215655804,9.2,37.1
0.015609498135746,11.7,26.799999999999997
0.030181685462594,22.4,37.3
0.034835286438465,11.2,29.099999999999994
0.043639242649078,2.9,66.0
0.045698903501034,22.3,60.2
0.7884,11.5,50.0
0.072062738239765,9.4,47.7
0.7884,11.5,50.0
0.18124336004257,9.0,33.900000000000006
0.041160963475704,25.3,47.4
0.041611388325691,19.8,36.2
0.069515906274319,20.7,43.4
0.7884,11.5,50.0
0.08202338218689,18.2,46.6
0.042792163789272,10.8,68.9
0.091851241886616,7.7,53.4
0.094113349914551,15.8,49.0
0.77895319461823,23.4,35.0
0.87191200256348,3.7,48.8
0.035832051187754,20.3,52.2
0.030558362603188,15.7,36.8
0.017558827996254,14.5,72.6
0.014854080043733,12.5,44.4
0.028056247159839,10.9,56.5
0.14806607365608,9.4,49.5
0.25592282414436,8.8,65.6
0.28690454363823,2.1,55.8
0.54523730278015,14.3,47.6
0.051560055464506,12.8,31.700000000000003
0.48375400900841,4.6,53.0
0.7884,11.5,50.0
0.23191326856613,3.9,44.8
0.025461031123996,18.9,30.0
0.23033227026463,3.6,39.3
0.51557403802872,7.0,52.1
0.034174051135778,23.8,34.8
0.012394799850881,29.9,38.7
0.51557403802872,7.0,52.1
0.036682385951281,23.4,52.0
0.7884,11.5,50.0
0.019291367381811,26.6,35.0
0.13051977753639,7.9,53.4
0.12401009351015,6.1,54.0
0.016516832634807,22.8,33.7
0.7884,11.5,50.0
0.029908632859588,25.7,50.8
0.012807237915695,14.1,40.3
0.15752932429314,15.6,52.0
0.068278282880783,7.6,33.0
0.48375400900841,4.6,53.0
0.018759503960609,17.3,72.8
0.0078985393047333,29.1,48.1
0.035832051187754,20.3,52.2
0.77895319461823,23.4,35.0
0.11438076943159,9.8,53.0
0.017496321350336,27.9,67.2
0.068278282880783,7.6,33.0
0.7884,11.5,50.0
0.041910164058208,18.8,45.7
0.020562341436744,24.0,45.2
0.015250303782523,29.3,49.3
0.2168260961771,13.7,55.7
0.049365933984518,23.5,70.4
0.30274218320847,7.7,50.9
0.18784518539906,14.8,54.6
0.7884,11.5,50.0
0.059446979314089,4.5,65.1
0.7884,11.5,50.0
0.043639242649078,2.9,66.0
0.7884,11.5,50.0
0.056842003017664,22.2,58.1
0.033794533461332,27.1,63.9
0.2172809690237,10.6,55.2
0.19960002601147,3.5,45.6
0.037760607898235,26.9,39.9
0.7884,11.5,50.0
0.7884,11.5,50.0
0.32134181261063,9.8,38.5
0.094113349914551,15.8,49.0
0.13585475087166,14.3,53.4
0.66899973154068,10.7,48.9
0.19960002601147,3.5,45.6
0.014805857092142,19.5,31.5
0.094113349914551,15.8,49.0
0.070081830024719,19.8,42.8
0.014038180932403,21.3,35.2
0.022500399500132,23.8,68.9
0.19220964610577,3.2,40.7
0.52247798442841,4.9,47.4
0.36912989616394,6.7,48.1
0.21306271851063,7.4,51.1
0.095154762268066,18.3,47.6
0.13861235976219,4.6,43.9
0.23198089003563,9.2,70.7
0.10748067498207,9.4,45.0
0.013108464889228,8.6,75.7
0.23918735980988,5.4,50.4
0.23191326856613,3.9,44.8
0.7884,11.5,50.0
0.17046825587749,9.0,65.8
0.12401009351015,6.1,54.0
0.020409835502505,29.2,53.3
0.30274218320847,7.7,50.9
0.12835247814655,8.8,48.8
0.039379257708788,15.3,66.9
0.0075910803861916,23.2,67.4
0.1524271517992,13.8,63.6
0.040552221238613,19.5,40.7
0.77895319461823,23.4,35.0
0.18402346968651,7.0,42.1
0.7884,11.5,50.0
0.7884,11.5,50.0
0.4374458193779,3.2,54.2
0.023169355466962,24.6,37.3
0.7884,11.5,50.0
0.02630896307528,25.7,35.2
0.23918735980988,5.4,50.4
0.12835247814655,8.8,48.8
0.48375400900841,4.6,53.0
0.026532743126154,27.8,55.2
0.045754782855511,27.0,45.7
0.11560513079166,15.9,54.0
0.042225696146488,10.2,52.9
0.068418093025684,8.9,66.0
0.66239815950394,3.2,49.1
0.3194200694561,3.5,50.3
0.0152208507061,13.2,53.4
0.72097420692444,3.6,52.6
0.22201985120773,10.3,54.5
0.18693254888058,18.4,52.7
0.27489322423935,8.8,45.7
0.32896167039871,8.2,41.7
0.90266764163971,1.3,52.6
0.047642592340708,21.6,56.0
0.7884,11.5,50.0
0.52247798442841,4.9,47.4
0.7884,11.5,50.0
0.77895319461823,23.4,35.0
0.023169355466962,24.6,37.3
0.7884,11.5,50.0
0.10986410826445,14.5,60.4
0.21388885378838,7.1,46.0
0.20772817730904,14.0,43.7
0.04870317876339,11.8,36.6
0.30972623825073,11.9,53.4
0.041910164058208,18.8,45.7
0.30972623825073,11.9,53.4
0.038300435990095,10.5,65.6
0.045107826590538,16.7,54.4
0.030156999826431,11.7,31.5
0.030558362603188,15.7,36.8
0.7884,11.5,50.0
0.16527888178825,8.7,53.6
0.044719446450472,21.7,44.5
0.040977697819471,24.4,62.4
0.039774421602488,27.3,51.5
0.016241857782006,27.1,64.2
0.13051977753639,7.9,53.4
0.60009491443634,4.9,45.5
0.05739189684391,8.9,51.9
0.032852709293365,8.9,44.0
0.053882379084826,15.1,32.7
0.03217988461256,14.4,66.2
0.10002563893795,7.9,51.5
0.7884,11.5,50.0
0.04195773229003,18.2,70.6
0.13051977753639,7.9,53.4
0.018628032878041,21.0,74.2
0.7884,11.5,50.0
0.041611388325691,19.8,36.2
0.7884,11.5,50.0
0.10784254968166,8.6,51.1
0.099884055554867,8.6,64.0
0.064904049038887,10.4,60.3
0.040588866919279,35.9,37.8
0.41839522123337,5.1,54.9
0.041000161319971,24.4,74.6
0.77895319461823,23.4,35.0
0.089120268821716,18.9,52.7
0.031711459159851,15.2,69.8
0.60009491443634,4.9,45.5
0.031375262886286,13.6,70.7
0.060226436704397,7.6,67.9
0.7884,11.5,50.0
0.17674289643764,6.0,46.8
0.7884,11.5,50.0
0.07890547066927,9.1,31.900000000000006
0.13051977753639,7.9,53.4
0.10004869103432,8.9,34.0
0.068302266299725,14.1,46.1
0.24712020158768,7.9,54.3
0.052981175482273,20.6,64.5
0.7884,11.5,50.0
0.1273058950901,23.3,47.6
0.10071912407875,19.3,50.2
0.16359184682369,5.7,65.8
0.031711459159851,15.2,69.8
0.31784251332283,4.9,50.7
0.12214437872171,8.0,34.599999999999994
0.53199130296707,12.5,58.7
0.15017257630825,5.5,32.5
0.015113933011889,29.6,49.4
0.062234453856945,21.9,53.4
0.011576414108276,23.9,28.5
0.065478891134262,14.8,67.5
0.10286328941584,15.7,55.2
0.0084302229806781,55.7,54.0
0.18828135728836,5.2,50.2
0.45655617117882,9.6,48.8
0.069732375442982,9.8,48.2
0.059462863951921,8.2,68.1
0.012877105735242,27.9,67.9
0.7884,11.5,50.0
0.022119294852018,11.5,31.299999999999997
0.17583408951759,12.5,53.0
0.1345282047987,9.7,31.299999999999997
0.039797693490982,13.5,36.2
0.60009491443634,4.9,45.5
0.7884,11.5,50.0
0.7884,11.5,50.0
0.11932069808245,11.4,38.0
0.035031683743,21.2,37.8
0.22201985120773,10.3,54.5
0.77546727657318,7.7,54.3
0.043639242649078,2.9,66.0
0.54523730278015,14.3,47.6
0.30274218320847,7.7,50.9
0.019154714420438,9.2,37.6
0.35243436694145,9.3,63.6
0.037241786718369,17.5,67.1
0.26735204458237,9.6,53.1
0.1276504099369,12.2,32.8
0.7884,11.5,50.0
0.086211390793324,21.3,41.3
0.025461031123996,18.9,30.0
0.7884,11.5,50.0
0.025461031123996,18.9,30.0
0.025030950084329,11.2,74.4
0.04825983196497,13.3,64.6
0.069732375442982,9.8,48.2
0.08278276771307,24.3,54.2
0.51221311092377,5.1,47.0
0.02843033708632,22.0,64.0
0.014793689362705,26.9,40.1
0.030803637579083,11.4,51.0
0.72097420692444,3.6,52.6
0.024823529645801,12.1,25.200000000000003
0.16279616951942,13.3,51.7
0.30279988050461,7.6,49.5
0.43611285090446,5.2,47.2
0.28805702924728,10.4,41.9
0.63366335630417,6.8,45.5
0.12835247814655,8.8,48.8
0.10468534380198,6.7,41.9
0.08907700330019,10.2,52.8
0.0064257215708494,32.2,67.7
0.7884,11.5,50.0
0.7884,11.5,50.0
0.065933331847191,18.4,36.4
0.02388658374548,18.8,29.400000000000006
0.026233620941639,25.4,43.4
0.22201985120773,10.3,54.5
0.35243436694145,9.3,63.6
0.020173916593194,15.0,30.299999999999997
0.04456615447998,24.6,42.1
0.14343942701817,7.9,43.7
0.032049484550953,22.2,58.2
